{
    "loss": 9.651172637939453,
    "accuracy": 0.4313725531101227
}