{
    "loss": 4.949532508850098,
    "accuracy": 0.7450980544090271
}