{
    "loss": 17.415918350219727,
    "accuracy": 0.5686274766921997
}